id,level,category,en,zh,zh_pinyin,de,es,fr,ja,ja_romaji,pt,ru,notes
1,basic,Greetings,"Hello, how are you today?",你好，你今天过得怎么样？,"Nǐ hǎo, nǐ jīntiān guò de zěnmeyàng?","Hallo, wie geht es dir heute?","Hola, ¿cómo estás hoy?","Bonjour, comment vas-tu aujourd'hui ?",こんにちは、今日の調子はいかがですか？,"Konnichiwa, kyō no chōshi wa ikaga desu ka?","Olá, como você está hoje?","Здравствуйте, как ваши дела сегодня?","Standard everyday greeting. German uses dative 'dir', Russian uses plural/polite 'ваши дела'."
2,basic,Introductions,"My name is Alex, and I am learning several languages.",我叫亚历克斯，我正在学习几门语言。,"Wǒ jiào Yàlìkèsī, wǒ zhèngzài xuéxí jǐ mén yǔyán.",Mein Name ist Alex und ich lerne mehrere Sprachen.,Me llamo Alex y estoy aprendiendo varios idiomas.,Je m'appelle Alex et j'apprends plusieurs langues.,私の名前はアレックスで、いくつかの言語を学んでいます。,"Watashi no namae wa Arekkusu de, ikutsu ka no gengo o manande imasu.",Meu nome é Alex e estou aprendendo vários idiomas.,"Меня зовут Алекс, и я учу несколько языков.",Introductions with reflexive verbs in Spanish ('me llamo') and French ('je m'appelle').
3,basic,Travel & Transit,Where is the nearest train station?,最近的火车站是在哪里？,Zuìjìn de huǒchēzhàn zài nǎlǐ?,Wo ist der nächste Bahnhof?,¿Dónde está la estación de tren más cercana?,Où se trouve la gare la plus proche ?,最寄りの駅はどこですか？,Moyori no eki wa doko desu ka?,Onde fica a estação de trem mais próxima?,Где находится ближайший вокзал?,"Superlative forms for 'nearest': 'nächste' (DE), 'plus proche' (FR), 'más cercana' (ES), '最寄りの' (JA)."
4,basic,Dining,Could I please have a glass of water and the bill?,请给我一杯水和账单，谢谢。,"Qǐng gěi wǒ yì bēi shuǐ hé zhàngdān, xièxie.",Könnte ich bitte ein Glas Wasser und die Rechnung haben?,"¿Podría traerme un vaso de agua y la cuenta, por favor?","Pourrais-je avoir un verre d'eau et l'addition, s'il vous plaît ?",お水一杯とお会計をお願いできますか？,Omizu ippai to okaikei o onegai dekimasu ka?,"Você poderia me trazer um copo de água e a conta, por favor?","Можно мне, пожалуйста, стакан воды и счёт?","Polite conditional requests: 'Könnte ich' (DE), 'Podría' (ES), 'Pourrais-je' (FR), 'Можно мне' (RU)."
5,basic,Weather,The weather is very pleasant this morning.,今天早上的天气非常宜人。,Jīntiān zǎoshang de tiānqì fēicháng yírén.,Das Wetter ist heute Morgen sehr angenehm.,El clima está muy agradable esta mañana.,Le temps est très agréable ce matin.,今朝はとても気持ちのいい天気です。,Kesa wa totemo kimochi no ii tenki desu.,O tempo está muito agradável esta manhã.,Сегодня утром очень приятная погода.,"Notice temporal adverbs: 'heute Morgen' (DE), 'ce matin' (FR), '今朝' (JA kesa), 'сегодня утром' (RU)."
6,basic,Time & Schedule,What time does the library open tomorrow?,图书馆明天几点开门？,Túshūguǎn míngtiān jǐ diǎn kāimén?,Um wie viel Uhr öffnet die Bibliothek morgen?,¿A qué hora abre la biblioteca mañana?,À quelle heure ouvre la bibliothèque demain ?,図書館は明日何時に開きますか？,Toshokan wa ashita nanji ni akimasu ka?,A que horas a biblioteca abre amanhã?,Во сколько завтра открывается библиотека?,"Time inquiry structure: 'Um wie viel Uhr' (DE), 'À quelle heure' (FR), '何時に' (JA nanji ni)."
7,basic,Sightseeing,I would like to buy two tickets to the museum.,我想买两张去博物馆的票。,Wǒ xiǎng mǎi liǎng zhāng qù bówùguǎn de piào.,Ich möchte zwei Eintrittskarten für das Museum kaufen.,Me gustaría comprar dos entradas para el museo.,J'aimerais acheter deux billets pour le musée.,博物館のチケットを2枚購入したいです。,Hakubutsukan no chiketto o nimai kōnyū shitai desu.,Gostaria de comprar dois ingressos para o museu.,Я хотел бы купить два билета в музей.,"Polite intention: 'Ich möchte' (DE), 'J'aimerais' (FR), '購入したい' (JA -tai form), 'Gostaria' (PT)."
8,basic,Communication,Do you speak English or German?,你会说英语还是德语？,Nǐ huì shuō Yīngyǔ háishì Déyǔ?,Sprechen Sie Englisch oder Deutsch?,¿Hablas inglés o alemán?,Parlez-vous anglais ou allemand ?,英語かドイツ語を話せますか？,Eigo ka Doitsugo o hanasemasu ka?,Você fala inglês ou alemão?,Вы говорите по-английски или по-немецки?,Ability/language inquiry: Chinese uses '还是' for alternative choice questions; Russian uses adverbial form 'по-английски'.
9,basic,Dining,"This coffee is delicious, but it is a bit too sweet.",这杯咖啡很好喝，但稍微偏甜了一点。,"Zhè bēi kāfēi hěn hǎohē, dàn shāowēi piān tián le yìdiǎn.","Dieser Kaffee ist köstlich, aber etwas zu süß.","Este café está delicioso, pero un poco demasiado dulce.","Ce café est délicieux, mais un peu trop sucré.",このコーヒーは美味しいですが、少し甘すぎます。,"Kono kōhī wa oishii desu ga, sukoshi amasugimasu.","Este café está delicioso, mas um pouco doce demais.","Этот кофе очень вкусный, но немного слишком сладкий.","Excessive degree: 'zu süß' (DE), 'trop sucré' (FR), '甘すぎる' (JA -sugiru), 'слишком сладкий' (RU)."
10,basic,Daily Routine,I need to wake up early tomorrow for an appointment.,我明天需要早起去赴一个预约。,Wǒ míngtiān xūyào zǎoqǐ qù fù yí ge yùyuē.,"Ich muss morgen früh aufstehen, weil ich einen Termin habe.",Necesito levantarme temprano mañana para una cita.,Je dois me lever tôt demain pour un rendez-vous.,明日は予定があるので早起きしなければなりません。,Ashita wa yotei ga aru node hayaoki shinakereba narimasen.,Preciso acordar cedo amanhã para um compromisso.,Мне нужно завтра рано встать из-за встречи.,"Obligation expressing: 'muss aufstehen' (DE separable verb), 'dois me lever' (FR reflexive)."
11,basic,Directions,Turn left at the traffic light and walk two blocks straight.,在红绿灯处左转，然后直走两个街区。,"Zài hónglǜdēng chù zuǒzhuǎn, ránhòu zhízǒu liǎng ge jiēqū.",Biegen Sie an der Ampel links ab und gehen Sie zwei Häuserblocks geradeaus.,Gire a la izquierda en el semáforo y camine dos cuadras recto.,Tournez à gauche au feu et marchez tout droit sur deux pâtés de maisons.,信号を左に曲がり、そのまま2ブロック直進してください。,"Shingō o hidari ni magari, sonomama ni burokku chokushin shite kudasai.",Vire à esquerda no semáforo e caminhe dois quarteirões em frente.,Поверните налево на светофоре и идите прямо два квартала.,"Imperative directions: 'Biegen Sie ab' (DE), 'Tournez' (FR), 'Gire' (ES), 'Поверните' (RU)."
12,basic,Travel & Transit,Can you help me find this address on the map?,你能帮我在地图上找到这个地址吗？,Nǐ néng bāng wǒ zài dìtú shàng zhǎodào zhè ge dìzhǐ ma?,"Können Sie mir helfen, diese Adresse auf der Karte zu finden?",¿Puede ayudarme a encontrar esta dirección en el mapa?,Pouvez-vous m'aider à trouver cette adresse sur la carte ?,地図でこの住所を探すのを手伝っていただけますか？,Chizu de kono jūsho o sagasu no o tetsudatte itadakemasu ka?,Você pode me ajudar a encontrar este endereço no mapa?,Не могли бы вы помочь мне найти этот адрес на карте?,"Polite requests with indirect objects: 'mir helfen' (DE dative), 'm'aider' (FR direct object)."
13,basic,Hobbies,I like listening to classical music while studying.,我喜欢在学习时听古典音乐。,Wǒ xǐhuan zài xuéxí shí tīng gǔdiǎn yīnyuè.,Ich höre beim Lernen gerne klassische Musik.,Me gusta escuchar música clásica mientras estudio.,J'aime écouter de la musique classique en étudiant.,勉強しながらクラシック音楽を聴くのが好きです。,Benkyō shinagara kurashikku ongaku o kiku no ga suki desu.,Gosto de ouvir música clássica enquanto estudo.,Я люблю слушать классическую музыку во время учёбы.,"Simultaneous actions: 'beim Lernen' (DE nominalized verb), 'en étudiant' (FR gérondif), '-nagara' (JA)."
14,basic,Shopping,How much does this jacket cost in total?,这件夹克总共多少钱？,Zhè jiàn jiákè zǒnggòng duōshǎo qián?,Wie viel kostet diese Jacke insgesamt?,¿Cuánto cuesta esta chaqueta en total?,Combien coûte cette veste au total ?,このジャケットは合計でいくらですか？,Kono jaketto wa gōkei de ikura desu ka?,Quanto custa esta jaqueta no total?,Сколько стоит эта куртка всего?,"Price asking formulas: 'Wie viel kostet' (DE), 'Combien coûte' (FR), 'Cuánto cuesta' (ES), 'いくら' (JA)."
15,basic,Social Courtesies,Thank you very much for your kind hospitality!,非常感谢您的热情款待！,Fēicháng gǎnxiè nín de rèqíng kuǎndài!,Vielen herzlichen Dank für Ihre freundliche Gastfreundschaft!,¡Muchas gracias por su amable hospitalidad!,Merci beaucoup pour votre aimable hospitalité !,温かいおもてなしをいただき、本当にありがとうございました！,"Atatakai omotenashi o itadaki, hontō ni arigatō gozaimashita!",Muito obrigado pela sua gentil hospitalidade!,Большое спасибо за ваше тёплое гостеприимство!,"Deep cultural gratitude: Japanese uses honorific 'おもてなし' (omotenashi), German compound 'Gastfreundschaft'."
16,intermediate,Travel & Transit,"If it rains this weekend, we can visit the art museum instead.",如果这个周末下雨，我们就可以改去参观美术馆。,"Rúguǒ zhè ge zhōumò xiàyǔ, wǒmen jiù kěyǐ gǎi qù cānguān měishùguǎn.","Wenn es dieses Wochenende regnet, können wir stattdessen das Kunstmuseum besuchen.","Si llueve este fin de semana, podemos visitar el museo de arte en su lugar.","S'il pleut ce week-end, nous pourrons visiter le musée d'art à la place.",今週末に雨が降ったら、代わりに美術館に行くことができます。,"Konshūmatsu ni ame ga futtara, kawari ni bijutsukan ni iku koto ga dekimasu.","Se chover neste fim de semana, podemos visitar o museu de arte em vez disso.","Если в эти выходные пойдёт дождь, мы сможем вместо этого посетить художественный музей.",Real conditional clause: German verb-last in subclause ('regnet') and V2 in main clause ('können wir').
17,intermediate,Work & Technology,I have been working on this software development project for three months.,我已经参与这个软件开发项目三个月了。,Wǒ yǐjīng cānyù zhè ge ruǎnjiàn kāifā xiàngmù sān ge yuè le.,Ich arbeite seit drei Monaten an diesem Softwareentwicklungsprojekt.,Llevo tres meses trabajando en este proyecto de desarrollo de software.,Je travaille sur ce projet de développement logiciel depuis trois mois.,私はこのソフトウェア開発プロジェクトに3か月間携わっています。,Watashi wa kono sofutowea kaihatsu purojekuto ni sankagetsukan tazusawatte imasu.,Estou trabalhando neste projeto de desenvolvimento de software há três meses.,Я работаю над этим проектом по разработке программного обеспечения уже три месяца.,Duration continuing into present: German uses 'seit' + present tense; Spanish uses 'llevar + gerund'; French uses 'depuis'.
18,intermediate,Travel & Logistics,"Although the flight was delayed, our luggage arrived safely at the destination.",尽管航班延误了，但我们的行李还是安全抵达了目的地。,"Jǐnguǎn hángbān yánwù le, dàn wǒmen de xíngli háishì ānquán dǐdá le mùdìdì.","Obwohl der Flug Verspätung hatte, kam unser Gepäck sicher am Zielort an.","Aunque el vuelo se retrasó, nuestro equipaje llegó a salvo al destino.","Bien que le vol ait eu du retard, nos bagages sont arrivés à destination sains et saufs.",フライトは遅延したものの、私たちの荷物は無事に目的地に届きました。,"Furaito wa chien shita mono no, watashitachi no nimotsu wa buji ni mokutekichi ni todokimashita.","Embora o voo tenha atrasado, nossa bagagem chegou em segurança ao destino.","Хотя рейс задержали, наш багаж благополучно прибыл в пункт назначения.",Concessive clauses: French 'Bien que' triggers subjunctive ('ait eu'); Portuguese 'Embora' triggers subjunctive ('tenha atrasado').
19,intermediate,Business & Decision,We should compare both proposals carefully before making a final decision.,在做出最终决定之前，我们应当仔细比较两份方案。,"Zài zuòchū zuìzhōng juédìng zhīqián, wǒmen yīngdāng zǐxì bǐjiào liǎng fèn fāng'àn.","Wir sollten beide Vorschläge sorgfältig vergleichen, bevor wir eine endgültige Entscheidung treffen.",Deberíamos comparar ambas propuestas cuidadosamente antes de tomar una decisión final.,Nous devrions comparer attentivement les deux propositions avant de prendre une décision finale.,最終決定を下す前に、両方の提案を慎重に比較すべきです。,"Saishū kettei o kudasu mae ni, ryōhō no teian o shinchō ni hikaku subeki desu.",Deveríamos comparar as duas propostas com cuidado antes de tomar uma decisão final.,"Нам следует тщательно сравнить оба предложения, прежде чем принимать окончательное решение.","Modal advice 'should' rendered with conditionals: 'sollten' (DE), 'deberíamos' (ES), 'devrions' (FR), 'следует' (RU)."
20,intermediate,Education & Learning,Learning vocabulary in context is far more effective than memorizing isolated word lists.,在语境中学习词汇远比单纯背诵孤立的单词表有效得多。,Zài yǔjìng zhōng xuéxí cíhuì yuǎn bǐ dānchún bèisòng gūlì de dāncíbiǎo yǒuxiào de duō.,"Wortschatz im Kontext zu lernen ist weitaus effektiver, als isolierte Wortlisten auswendig zu lernen.",Aprender vocabulario en contexto es mucho más eficaz que memorizar listas de palabras aisladas.,Apprendre le vocabulaire en contexte est bien plus efficace que de mémoriser des listes de mots isolés.,文脈の中で語彙を学ぶことは、孤立した単語リストを暗記するよりもはるかに効果的です。,"Bunjaku no naka de goi o manabu koto wa, koritsu shita tango risuto o anki suru yori mo haruka ni kōkateki desu.",Aprender vocabulário no contexto é muito mais eficaz do que memorizar listas de palavras isoladas.,"Изучение лексики в контексте гораздо эффективнее, чем заучивание изолированных списков слов.","Comparative degree with emphasis: 'weitaus effektiver als' (DE), 'bien plus efficace que' (FR), 'far more... than'."
21,intermediate,Hospitality & Travel,The hotel offers complimentary breakfast and high-speed wireless internet access.,该酒店提供免费早餐以及高速无线网络接入。,Gāi jiǔdiàn tígōng miǎnfèi zǎocān yǐjí gāosù wúxiàn wǎngluò jiērù.,Das Hotel bietet ein kostenloses Frühstück und schnellen drahtlosen Internetzugang.,El hotel ofrece desayuno gratuito y acceso a internet inalámbrico de alta velocidad.,L'hôtel propose un petit-déjeuner gratuit et un accès Internet sans fil à haut débit.,そのホテルは無料の朝食と高速無線インターネット接続を提供しています。,Sono hoteru wa muryō no chōshoku to kōsoku musen intānetto setsuzoku o teikyō shite imasu.,O hotel oferece café da manhã gratuito e acesso à internet sem fio de alta velocidade.,Отель предлагает бесплатный завтрак и высокоскоростной беспроводной доступ в интернет.,"Descriptive amenities: 'kostenlos' (DE), 'gratuit' (FR), 'gratuito' (ES/PT), 'бесплатный' (RU)."
22,intermediate,Linguistics,Could you explain the difference between these two grammar rules with an example?,您能举个例子解释一下这两个语法规则之间的区别吗？,Nín néng jǔ ge lìzi jiěshì yíxià zhè liǎng ge yǔfǎ guīzé zhījiān de qūbié ma?,Könnten Sie den Unterschied zwischen diesen beiden Grammatikregeln anhand eines Beispiels erklären?,¿Podría explicar la diferencia entre estas dos reglas gramaticales con un ejemplo?,Pourriez-vous expliquer la différence entre ces deux règles de grammaire à l'aide d'un exemple ?,例を挙げて、これら2つの文法規則の違いを説明していただけますか？,"Rei o agete, korera futatsu no bunpō kisoku no chigai o setsumei shite itadakemasu ka?",Você poderia explicar a diferença entre estas duas regras gramaticais com um exemplo?,Не могли бы вы на примере объяснить разницу между этими двумя грамматическими правилами?,German uses prepositional phrase 'anhand eines Beispiels' (genitive case) for precision.
23,intermediate,Career & Life,He decided to change his career path after attending an international conference.,在参加了一场国际会议后，他决定改变自己的职业发展方向。,"Zài cānjiā le yì chǎng guójì huìyì hòu, tā juédìng gǎibiàn zìjǐ de zhíyè fāzhǎn fāngxiàng.","Er beschloss, seine berufliche Laufbahn zu ändern, nachdem er an einer internationalen Konferenz teilgenommen hatte.",Decidió cambiar su trayectoria profesional tras asistir a una conferencia internacional.,Il a décidé de réorienter sa carrière après avoir assisté à une conférence internationale.,彼は国際会議に参加した後、キャリアの方向性を変えることを決意しました。,"Kare wa kokusai kaigi ni sanka shita nochi, kyaria no hōkōsei o kaeru koto o ketsui shimashita.",Ele decidiu mudar de carreira depois de participar de uma conferência internacional.,Он решил сменить сферу деятельности после посещения международной конференции.,Complex past sequence: German pluperfect 'teilgenommen hatte' after 'nachdem'; French past infinitive 'après avoir assisté'.
24,intermediate,Work & Management,Please submit your monthly progress report before Friday afternoon.,请在周五下午之前提交您的月度进度报告。,Qǐng zài zhōuwǔ xiàwǔ zhīqián tíjiāo nín de yuèdù jìndù bàogào.,Bitte reichen Sie Ihren monatlichen Fortschrittsbericht vor Freitagnachmittag ein.,"Por favor, entregue su informe de progreso mensual antes del viernes por la tarde.",Veuillez soumettre votre rapport d'avancement mensuel avant vendredi après-midi.,金曜日の午後までに月次進捗報告書を提出してください。,Kin'yōbi no gogo made ni getsuji shinchoku hōkokusho o teishutsu shite kudasai.,"Por favor, envie seu relatório mensal de progresso antes de sexta-feira à tarde.","Пожалуйста, отправьте ваш ежемесячный отчёт о проделанной работе до полудня пятницы.","Polite formal requests: 'Veuillez soumettre' (FR), 'Reichen Sie ein' (DE separable verb), '提出してください' (JA)."
25,intermediate,Urban Life,"Public transportation in this city is reliable, fast, and relatively inexpensive.",这座城市的公共交通可靠、快捷，而且相对便宜。,"Zhè zuò chéngshì de gōnggòng jiāotōng kěkào, kuàijié, érqiě xiāngduì piányi.","Der öffentliche Nahverkehr in dieser Stadt ist zuverlässig, schnell und relativ preiswert.","El transporte público en esta ciudad es fiable, rápido y relativamente económico.","Les transports en commun de cette ville sont fiables, rapides et relativement abordables.",この都市の公共交通機関は信頼性が高く、速く、比較的安価です。,"Kono toshi no kōkyō kōtsū kikan wa shinraisei ga takaku, hayaku, hikakuteki anka desu.","O transporte público nesta cidade é confiável, rápido e relativamente acessível.","Общественный транспорт в этом городе надёжный, быстрый и относительно недорогой.","Compound terminology: 'öffentlicher Nahverkehr' (DE ÖPNV), 'transports en commun' (FR), '公共交通機関' (JA)."
26,intermediate,Travel & Culture,"Whenever I travel abroad, I try to taste the traditional local dishes.",每逢出国旅行，我总会设法品尝当地的传统菜肴。,"Měi féng chūguó lǚxíng, wǒ zǒng huì shèfǎ pǐncháng dāngdì de chuántǒng càiyáo.","Wann immer ich ins Ausland reise, versuche ich, die traditionellen lokalen Gerichte zu probieren.","Siempre que viajo al extranjero, intento probar los platos tradicionales locales.","Chaque fois que je voyage à l'étranger, j'essaie de goûter aux plats traditionnels locaux.",海外を旅行するときはいつでも、地元の伝統料理を味わうようにしています。,"Kaigai o ryokō suru toki wa itsudemo, jimoto no dentō ryōri o ajiwau yō ni shite imasu.","Sempre que viajo para o exterior, procuro provar os pratos tradicionais locais.","Всякий раз, когда я путешествую за границу, я стараюсь пробовать традиционные блюда местной кухни.","Habitual recurring action: 'Wann immer' (DE), 'Chaque fois que' (FR), 'Sempre que' (PT/ES), '〜ようにしている' (JA effort)."
27,intermediate,Technology & Work,She managed to solve the network connection issue within twenty minutes.,她在二十分钟之内成功解决了网络连接故障。,Tā zài èrshí fēnzhōng zhīnèi chénggōng jiějué le wǎngluò liánjiē gùzhàng.,"Es gelang ihr, das Netzwerkverbindungsproblem innerhalb von zwanzig Minuten zu beheben.",Logró resolver el problema de conexión de red en veinte minutos.,Elle a réussi à résoudre le problème de connexion réseau en vingt minutes.,彼女は20分以内にネットワーク接続の問題を解決することができました。,Kanojo wa nijuppun inai ni nettowāku setsuzoku no mondai o kaiketsu suru koto ga dekimashita.,Ela conseguiu resolver o problema de conexão de rede em vinte minutos.,Ей удалось устранить неполадки с сетевым подключением за двадцать минут.,"Impersonal triumph verbs: German 'es gelang ihr', Russian 'ей удалось' (both govern dative pronoun)."
28,intermediate,Dining & Social,We need to reserve a table at the restaurant because it gets very crowded on weekends.,我们必须在那家餐馆订位，因为周末那里人满为患。,"Wǒmen bìxū zài nà jiā cānguǎn dìngwèi, yīnwèi zhōumò nàlǐ rénmǎnwèihuàn.","Wir müssen einen Tisch im Restaurant reservieren, da es am Wochenende sehr voll wird.",Tenemos que reservar una mesa en el restaurante porque se llena mucho los fines de semana.,Nous devons réserver une table au restaurant car il y a beaucoup de monde le week-end.,週末は非常に混雑するため、レストランの席を予約する必要があります。,"Shūmatsu wa hijō ni konzatsu suru tame, resutoran no seki o yoyaku suru hitsuyō ga arimasu.",Precisamos reservar uma mesa no restaurante porque fica muito lotado nos fins de semana.,"Нам нужно забронировать столик в ресторане, потому что по выходным там бывает очень многолюдно.","Causal conjunctions: 'da' (DE, verb at end), 'car' (FR), 'porque' (ES/PT), 'ため' (JA), 'потому что' (RU)."
29,intermediate,Health & Lifestyle,Regular exercise and adequate sleep are essential for maintaining mental well-being.,规律的锻炼和充足的睡眠对于保持心理健康至关重要。,Guīlǜ de duànliàn hé chōngzú de shuìmián duìyú bǎochí xīnlǐ jiànkāng zhìguān zhòngyào.,Regelmäßige Bewegung und ausreichender Schlaf sind unerlässlich für das geistige Wohlbefinden.,El ejercicio regular y el sueño adecuado son esenciales para mantener el bienestar mental.,Une activité physique régulière et un sommeil suffisant sont indispensables pour préserver le bien-être mental.,定期的な運動と十分な睡眠は、心の健康を維持するために不可欠です。,"Teikiteki na undō to jūbun na suimin wa, kokoro no kenkō o iji suru tame ni fukaketsu desu.",Exercícios regulares e sono adequado são essenciais para manter o bem-estar mental.,Регулярные физические упражнения и достаточный сон необходимы для поддержания психического благополучия.,"Adjectives of necessity: 'unerlässlich' (DE), 'indispensables' (FR), 'esenciales' (ES/PT), '不可欠' (JA fukaketsu)."
30,intermediate,Collaboration,The manager suggested scheduling a weekly synchronization meeting for the entire team.,经理建议为整个团队安排一次每周例行的同步会议。,Jīnglǐ jiànyì wèi zhěnggè tuánduì ānpái yí cì měi zhōu lìxíng de tóngbù huìyì.,"Die Abteilungsleitung schlug vor, ein wöchentliches Abstimmungstreffen für das gesamte Team zu planen.",El director sugirió programar una reunión semanal de coordinación para todo el equipo.,Le responsable a suggéré de planifier une réunion de synchronisation hebdomadaire pour toute l'équipe.,マネージャーはチーム全体のために週次の同期ミーティングを設定することを提案しました。,Manējā wa chīmu zentai no tame ni shūji no dōki mītingu o setteisuru koto o teian shimashita.,O gerente sugeriu agendar uma reunião semanal de alinhamento para toda a equipe.,Руководитель предложил организовать еженедельную синхронизационную встречу для всей команды.,"Subjunctive / indirect speech triggers: Spanish 'sugirió que...'; German 'schlug vor, ... zu planen'."
31,advanced,Systems Architecture,The architectural transition from monolithic systems to microservices introduces significant operational complexity.,从单体系统向微服务的架构演进引入了极大的运维复杂性。,Cóng dāntǐ xìtǒng xiàng wēifúwù de jiàgòu yǎnjìn yǐnrù le jí dà de yùnwéi fùzáxìng.,Der architektonische Übergang von monolithischen Systemen zu Microservices bringt eine erhebliche betriebliche Komplexität mit sich.,La transición arquitectónica de sistemas monolíticos a microservicios introduce una complejidad operativa considerable.,La transition architecturale d'un système monolithique vers des microservices introduit une complexité opérationnelle considérable.,モノリシックなシステムからマイクロサービスへのアーキテクチャ移行は、運用面で重大な複雑性をもたらします。,"Monorishikku na shisutemu kara maikuro sābisu e no ākitekucha ikō wa, un'yōmen de jūdaina fukuzatsusei o motarashimasu.",A transição arquitetural de sistemas monolíticos para microsserviços introduz uma complexidade operacional considerável.,Архитектурный переход от монолитных систем к микросервисам влечёт за собой значительную сложность в эксплуатации.,High register technical prose: German idiom 'bringt mit sich'; Russian verbal idiom 'влечёт за собой' (implies/entails).
32,advanced,Philosophy & Science,Correlation between empirical observations does not necessarily establish a causal relationship.,经验观察之间的相关性并不必然意味着确立了因果关系。,Jīngyàn guānchá zhījiān de xiāngguānxìng bìng bù bìrán yìwèizhe quèlì le yīnguǒ guānxì.,Eine Korrelation zwischen empirischen Beobachtungen begründet nicht zwangsläufig einen kausalen Zusammenhang.,La correlación entre observaciones empíricas no establece necesariamente una relación causal.,La corrélation entre des observations empiriques n'établit pas nécessairement un lien de causalité.,経験的観察における相関関係は、必ずしも因果関係を証明するものではありません。,"Keikenteki kansatsu ni okeru sōkan kankei wa, kanarazushimo inga kankei o shōmei suru mono dewa arimasen.",A correlação entre observações empíricas não estabelece necessariamente uma relação de causalidade.,Корреляция между эмпирическими наблюдениями не обязательно свидетельствует о наличии причинно-следственной связи.,Epistemological precision: German 'begründet... Zusammenhang'; Russian 'причинно-следственная связь' (cause-and-effect link).
33,advanced,Policy & Economics,The legislative reforms aim to reconcile competitive market forces with environmental sustainability.,这项立法改革旨在协调具有竞争性的市场机制与环境可持续性。,Zhè xiàng lìfǎ gǎigé zhǐzài xiétiáo jùyǒu jìngzhēngxìng de shìchǎng jīzhì yǔ huánjìng kěchíxùxìng.,"Die gesetzgeberischen Reformen zielen darauf ab, marktwirtschaftliche Kräfte mit ökologischer Nachhaltigkeit in Einklang zu bringen.",Las reformas legislativas pretenden conciliar las fuerzas competitivas del mercado con la sostenibilidad ambiental.,Les réformes législatives visent à concilier les forces concurrentielles du marché avec la durabilité environnementale.,法改正は、市場の競争原理と環境の持続可能性を両立させることを目指しています。,"Hōkaisei wa, shijō no kyōsō genri to kankyō no jizoku kanōsei o ryōritsu saseru koto o mezashite imasu.",As reformas legislativas visam conciliar as forças de mercado competitivas com a sustentabilidade ambiental.,Законодательные реформы нацелены на согласование рыночной конкуренции с экологической устойчивостью.,German fixed verbal phrase 'in Einklang bringen' (harmonize/reconcile); Japanese '両立させる' (make coexist simultaneously).
34,advanced,Security & Cryptography,Quantum computing fundamentally alters the cryptographic foundations upon which modern digital security relies.,量子计算从根本上动摇了现代数字安全所依托的密码学基石。,Liàngzǐ jìsuàn cóng gēnběn shàng dòngyáo le xiàndài shùzì ānquán suǒ yītuō de mìmǎxué jīshí.,"Das Quantencomputing verändert grundlegend das kryptografische Fundament, auf dem die moderne digitale Sicherheit beruht.",La computación cuántica altera fundamentalmente los cimientos criptográficos en los que se apoya la seguridad digital moderna.,L'informatique quantique bouleverse fondamentalement les fondements cryptographiques sur lesquels repose la sécurité numérique moderne.,量子コンピューティングは、現代のデジタルセキュリティが立脚する暗号学的基盤を根本から揺るがします。,"Ryōshi konpyūtingu wa, gendai no dejitaru sekyuriti ga rikkyaku suru angōgakuteki kiban o nemoto kara yurugashimasu.",A computação quântica altera fundamentalmente os alicerces criptográficos sobre os quais repousa a segurança digital moderna.,"Квантовые вычисления коренным образом меняют криптографический базис, на который опирается современная цифровая безопасность.","Prepositional relative clause: 'auf dem... beruht' (DE), 'sur lesquels repose' (FR), 'sobre os quais repousa' (PT)."
35,advanced,Literature & Criticism,The author deliberately employs unreliable narration to interrogate the subjective nature of historical memory.,作者特意采用不可靠的叙述视角，以审视历史记忆的主观本质。,"Zuòzhě tèyì cǎiyòng bùkěkào de xùshù shìjiǎo, yǐ shěnshì lìshǐ jìyì de zhǔguān běnzhì.","Der Autor setzt bewusst unzuverlässiges Erzählen ein, um das subjektive Wesen des historischen Gedächtnisses zu hinterfragen.",El autor emplea deliberadamente una narración no fiable para cuestionar la naturaleza subjetiva de la memoria histórica.,L'auteur recourt délibérément à une narration non fiable pour interroger la nature subjective de la mémoire historique.,著者はあえて信頼できない語り手を用いることで、歴史的記憶の主観的な本質を問い直しています。,"Chosha wa aete shinrai dekinai katarite o mochiiru koto de, rekishiteki kioku no shukanteki na honshitsu o toinaoshite imasu.",O autor emprega deliberadamente uma narrativa não confiável para questionar a natureza subjetiva da memória histórica.,"Автор намеренно прибегает к приёму ненадёжного рассказчика, чтобы подвергнуть сомнению субъективную природу исторической памяти.","Literary terminology: 'unzuverlässiges Erzählen' (DE), 'narrateur non fiable' (FR), 'ненадёжный рассказчик' (RU)."
36,advanced,Cloud & Cybersecurity,Implementing a zero-trust security architecture requires continuous verification of identity and system posture.,落地零信任安全架构需要对身份标识和系统基线姿态进行持续动态的验证。,Luòdì língxìnrèn ānquán jiàgòu xūyào duì shēnfèn biāoshí hé xìtǒng jīxiàn zītài jìnxíng chíxù dòngtài de yànzhèng.,Die Implementierung einer Zero-Trust-Sicherheitsarchitektur erfordert die kontinuierliche Verifizierung von Identität und Systemstatus.,Implementar una arquitectura de seguridad de confianza cero exige la verificación continua de la identidad y del estado del sistema.,La mise en œuvre d'une architecture de sécurité Zero Trust exige une vérification permanente de l'identité et de la posture du système.,ゼロトラスト・セキュリティ・アーキテクチャの実装には、IDとシステム状態の継続的な検証が不可欠です。,"Zero torasuto sekyuriti ākitekucha no jissō ni wa, aidi to shisutemu jōtai no keizokuteki na kenshō ga fukaketsu desu.",A implementação de uma arquitetura de segurança zero trust requer a verificação contínua da identidade e da postura do sistema.,Внедрение архитектуры безопасности с нулевым доверием требует непрерывной верификации подлинности субъекта и состояния системы.,"Cybersecurity terms: 'Zero Trust' / 'confianza cero' / 'нулевое доверие', along with nominalized structures."
37,advanced,Macroeconomics,The economic repercussions of rapid automation cannot be addressed solely through conventional monetary policy.,自动化迅猛普及所带来的经济冲击，绝非单纯依靠传统的货币政策所能化解。,"Zìdònghuà xùnměng pǔjí suǒ dàilái de jīngjì chōngjī, juéfēi dānchún yīkào chuántǒng de huòbì zhèngcè suǒ néng huàjiě.",Die wirtschaftlichen Auswirkungen einer rasanten Automatisierung lassen sich nicht allein durch konventionelle Geldpolitik bewältigen.,Las repercusiones económicas de una automatización acelerada no pueden mitigarse únicamente mediante la política monetaria convencional.,Les répercussions économiques d'une automatisation rapide ne peuvent être résolues uniquement par la politique monétaire conventionnelle.,急速な自動化がもたらす経済的余波は、従来の金融政策のみで解決できるものではありません。,"Kyūsoku na jidōka ga motarasu keizaiteki yoha wa, jūrai no kin'yū seisaku nomi de kaiketsu dekiru mono dewa arimasen.",As repercussões econômicas da automação acelerada não podem ser solucionadas exclusivamente por meio da política monetária convencional.,Экономические последствия стремительной автоматизации невозможно преодолеть исключительно мерами традиционной денежно-кредитной политики.,Passive potentiality: German 'lassen sich nicht... bewältigen' (cannot be handled); Russian 'невозможно преодолеть'.
38,advanced,Distributed Systems,Distributed consensus algorithms must maintain Byzantine fault tolerance even during severe network partitions.,分布式共识算法即便在面临严重网络分区时，也必须确保拜占庭容错能力。,"Fēnbùshì gòngshí suànfǎ jíbiàn zài miànlín yánzhòng wǎngluò fēnqū shí, yě bìxū quèbǎo Bàizhàntíng róngcuò nénglì.",Verteilte Konsensalgorithmen müssen auch während gravierender Netzwerkpartitionierungen byzantinische Fehlertoleranz gewährleisten.,Los algoritmos de consenso distribuido deben garantizar la tolerancia a fallos bizantinos incluso ante particiones graves de red.,Les algorithmes de consensus distribué doivent maintenir une tolérance aux pannes byzantines même lors de partitions réseau critiques.,分散合意アルゴリズムは、深刻なネットワーク分断時であってもビザンチン耐障害性を維持しなければなりません。,"Bunsan gōi arugorizumu wa, shinkoku na nettowāku bundanji de attemo Bizanchin tai-shōgaisei o iji shinakereba narimasen.",Algoritmos de consenso distribuído devem manter a tolerância a falhas bizantinas mesmo diante de partições severas de rede.,Алгоритмы распределённого консенсуса обязаны сохранять византийскую отказоустойчивость даже в условиях глубокой сетевой изоляции.,"Computer science fundamentals: 'Byzantine fault tolerance', 'byzantinische Fehlertoleranz', 'tolerância a falhas bizantinas'."
39,advanced,Ethics & Technology,The ethics committee emphasized that technological innovation must remain subordinate to human dignity.,伦理委员会着重强调，技术创新必须始终服从于人类尊严。,"Lúnlǐ wěiyuánhuì zhuózhòng qiángdiào, jìshù chuàngxīn bìxū shǐzhōng fúcóng yú rénlèi zūnyán.","Die Ethikkommission betonte mit Nachdruck, dass technologischer Fortschritt der Menschenwürde untergeordnet bleiben muss.",El comité ético recalcó que la innovación tecnológica debe permanecer subordinada a la dignidad humana.,Le comité d'éthique a souligné que l'innovation technologique doit impérativement rester subordonnée à la dignité humaine.,倫理委員会は、技術革新が人間の尊厳に従属し続けなければならないと強く強調しました。,"Rinri iinkai wa, gijutsu kakushin ga ningen no songen ni jūzoku shitsudzukenakereba naranai to tsuyoku kyōchō shimashita.",O comitê de ética enfatizou que a inovação tecnológica deve permanecer subordinada à dignidade humana.,"Комитет по этике подчеркнул, что технологические инновации должны неизменно подчиняться принципу человеческого достоинства.",German dative object 'der Menschenwürde untergeordnet bleiben'; French subjunctive nuance 'doit rester subordonnée'.
40,advanced,History & Sociology,His dissertation challenges the prevailing historiographical consensus regarding the emergence of modern capitalism.,他的博士论文对有关现代资本主义兴起的流行史学共识提出了有力质疑。,Tā de bóshì lùnwén duì yǒuguān xiàndài zīběnzhǔyì xīngqǐ de liúxíng shǐxué gòngshí tíchū le yǒulì zhìyí.,Seine Dissertation hinterfragt den vorherrschenden historiografischen Konsens über die Entstehung des modernen Kapitalismus.,Su tesis doctoral cuestiona el consenso historiográfico dominante sobre el surgimiento del capitalismo moderno.,Sa thèse remet en question le consensus historiographique dominant concernant l'émergence du capitalisme moderne.,彼の博士論文は、近代資本主義の台頭に関する従来の歴史学的定説に異議を唱えています。,"Kare no hakushi ronbun wa, kindai shihonshugi no taitō ni kansuru jūrai no rekishigakuteki teisetsu ni igi o tonaete imasu.",Sua tese desafia o consenso historiográfico predominante acerca do surgimento do capitalismo moderno.,Его диссертация бросает вызов устоявшемуся историографическому консенсусу относительно генезиса современного капитализма.,Academic vocabulary: French idiom 'remet en question'; Russian idiom 'бросает вызов' (casts down a challenge).
41,advanced,Low-Level Systems,Minimizing latency in distributed storage clusters demands meticulous optimization of memory layouts and cache hierarchies.,降低分布式存储集群的延迟，需要对内存布局和缓存层级进行极其精细的优化。,"Jiàngdī fēnbùshì cúnchǔ jíqún de yánchí, xūyào duì nèicún bùjú hé huǎncún céngjí jìnxíng jíqí jīngxì de yōuhuà.",Die Minimierung von Latenzzeiten in verteilten Speicherclustern erfordert eine akribische Optimierung von Speicherlayouts und Cache-Hierarchien.,Minimizar la latencia en clústeres de almacenamiento distribuido exige una optimización minuciosa de la disposición de memoria y las jerarquías de caché.,La minimisation de la latence dans les grappes de stockage distribué requiert une optimisation méticuleuse de l'agencement mémoire et des caches.,分散ストレージクラスタのレイテンシを最小化するには、メモリ配置とキャッシュ階層の綿密な最適化が求められます。,"Bunsan storēji kurasuta no reitenshi o saishōka suru ni wa, memori haichi to kyasshu kaisō no menmitsu na saiteki-ka ga motomeraremasu.",Minimizar a latência em clusters de armazenamento distribuído exige uma otimização meticulosa do layout de memória e das hierarquias de cache.,Минимизация задержек в распределённых кластерах хранения данных требует тщательной оптимизации размещения данных в памяти и иерархии кэшей.,"Low-level systems terms: 'Latenzzeiten' (DE), 'grappes de stockage' (FR), 'latência' (PT), 'кэш-иерархия' (RU)."
42,advanced,Philosophy & Society,The paradox of hyperconnectivity is that ubiquitous communication often exacerbates existential alienation.,高度互联时代的悖论在于，无所不在的即时通讯往往反而加剧了个体在生存意义上的异化。,"Gāodù hùlián shídài de bèilùn zàiyú, wúsuǒbùzài de jíshí tōngxùn wǎngwǎng fǎn'ér jiājù le gètǐ zài shēngcún yìyì shàng de yìhuà.","Das Paradoxon der Hyperkonnektivität besteht darin, dass allgegenwärtige Kommunikation existentielle Entfremdung oft noch verschärft.",La paradoja de la hiperconectividad radica en que la comunicación ubicua a menudo agrava la alienación existencial.,Le paradoxe de l'hyperconnectivité réside dans le fait que la communication omniprésente exacerbe souvent l'aliénation existentielle.,過度な接続性の逆説は、どこにでもあるコミュニケーションがしばしば実存的な疎外感を深刻化させる点にあります。,"Kado na setsuzokusei no gyakusetsu wa, doko ni demo aru komyunikēshon ga shibashiba jitsuzonteki na sogaikan o shinkokuka saseru ten ni arimasu.",O paradoxo da hiperconectividade reside no fato de que a comunicação ubíqua frequentemente agrava a alienação existencial.,"Парадокс гиперподключённости заключается в том, что повсеместная коммуникация нередко усугубляет экзистенциальное отчуждение.","Philosophical phrasing: 'besteht darin, dass...' (DE), 'reside en que...' (ES), 'réside dans le fait que...' (FR), 'заключается в том, что...' (RU)."
43,advanced,Software Engineering,Rigorous code reviews and automated regression testing constitute the cornerstone of resilient software infrastructure.,严谨的代码审查与完备的自动化回归测试，构成了构建高韧性软件基础设施的基石。,"Yánjǐn de dàimǎ shěnchá yǔ wánbèi de zìdònghuà huíguī cèshì, gòuchéng le gòujiàn gāorènxìng ruǎnjiàn jīchǔ shèshī de jīshí.",Gründliche Code-Reviews und automatisierte Regressionstests bilden das Fundament robuster Softwareinfrastruktur.,Las revisiones exhaustivas de código y las pruebas de regresión automatizadas constituyen la piedra angular de una infraestructura de software resiliente.,Des revues de code rigoureuses et des tests de régression automatisés constituent la pierre angulaire d'une infrastructure logicielle résiliente.,厳格なコードレビューと自動回帰テストは、堅牢なソフトウェア基盤の礎を築きます。,"Genkaku na kōdo rebyū to jidō kaiki tesuto wa, kenrō na sofutowea kiban no ishizue o kizukimasu.",Revisões rigorosas de código e testes automatizados de regressão constituem a pedra angular de uma infraestrutura resiliente.,Тщательное код-ревью и автоматизированное регрессионное тестирование служат краеугольным камнем отказоустойчивой инфраструктуры.,"Metaphor 'cornerstone': 'das Fundament' (DE), 'la piedra angular' (ES/PT), 'la pierre angulaire' (FR), 'краеугольный камень' (RU), '礎' (JA ishizue)."
44,advanced,Data Science & Humanities,The synthesis of historical archives with computational linguistics reveals previously imperceptible cultural shifts.,历史档案与计算语言学的跨学科融合，揭示了以往难以察觉的深层文化变迁。,"Lìshǐ dàng'àn yǔ jìsuàn yǔyánxué de kuà xuékē rónghé, jiēshì le yǐwǎng nányǐ chájüé de shēncéng wénhuà biànqiān.",Die Verknüpfung historischer Archive mit Computerlinguistik offenbart bisher unmerkliche kulturelle Verschiebungen.,La síntesis de archivos históricos con la lingüística computacional saca a la luz transformaciones culturales antes imperceptibles.,La synthèse d'archives historiques et de linguistique computationnelle met en lumière des mutations culturelles jusqu'alors imperceptibles.,歴史的アーカイブと計算言語学の統合は、これまで感知できなかった文化の変遷を明らかにします。,"Rekishiteki ākāibu to keisan gengogaku no tōgō wa, kore made kanchi dekinakatta bunka no hensen o akiraka ni shimasu.",A síntese de arquivos históricos com a linguística computacional traz à tona mudanças culturais antes imperceptíveis.,Синтез исторических архивов и компьютерной лингвистики выявляет ранее неощутимые социокультурные сдвиги.,Scholarly idioms: French 'met en lumière'; Spanish 'saca a la luz'; Portuguese 'traz à tona'; German 'offenbart'.
45,advanced,Political Theory,"In deliberative democracies, institutional legitimacy relies upon uninhibited public discourse and transparent governance.",在协商民主体制中，制度合法性取决于畅通无阻的公共讨论与公开透明的施政运作。,"Zài xiéshāng mínzhǔ tǐzhì zhōng, zhìdù héfǎxìng qǔjué yú chàngtōng-wúzǔ de gōnggòng tǎolùn yǔ gōngkāi tòumíng de shīzhèng yùnzuò.",In deliberativen Demokratien beruht institutionelle Legitimität auf ungehindertem öffentlichem Diskurs und transparenter Regierungsführung.,"En las democracias deliberativas, la legitimidad institucional se sustenta en el discurso público sin trabas y la gobernanza transparente.","Dans les démocraties délibératives, la légitimité institutionnelle repose sur un débat public sans entraves et une gouvernance transparente.",熟議民主主義において、制度的正当性は制約のない公開討論と透明性の高い統治に依存しています。,"Jukugi minshushugi ni oite, seidoteki seitōsei wa seiyaku no nai kōkai tōron to tōmeisei no takai tōchi ni izon shite imasu.","Em democracias deliberativas, a legitimidade institucional apoia-se no debate público desimpedido e na governança transparente.",В делиберативных демократиях институциональная легитимность зиждется на беспрепятственном общественном дискурсе и прозрачности власти.,High political register: Russian archaic verb 'зиждется на' (is based upon / rests upon); German 'beruht auf' + dative.
46,fluent,Classical Wisdom,A journey of a thousand miles begins with a single step.,千里之行，始于足下。,"Qiān lǐ zhī xíng, shǐ yú zú xià.",Auch eine Reise von tausend Meilen beginnt mit einem einzigen Schritt.,Un viaje de mil millas comienza con un solo paso.,Un voyage de mille lieues commence toujours par un premier pas.,千里の道も一歩から。,Senri no michi mo ippo kara.,Uma jornada de mil léguas começa com um único passo.,Путь в тысячу ли начинается с первого шага.,Ancient Daoist maxim from Laozi (Tao Te Ching). Chinese classical syntax with archaic preposition '于'; Japanese concise proverb form.
47,fluent,Stoic Philosophy,"Even when the tempest roars most violently, the seasoned helmsman maintains equanimity at the helm.",纵使暴风骤雨席卷海面，老练的舵手亦能在掌舵处处变不惊、气定神闲。,"Zòngshǐ bàofēng-zhòuyǔ xíjuǎn hǎimiàn, lǎoliàn de duòshǒu yì néng zài zhǎngduò chù chùbiànbùjīng, qìdìngshénxián.","Selbst wenn der Sturm am wildesten tobt, bewahrt der erfahrene Steuermann unerschütterliche Gelassenheit am Ruder.","Incluso cuando la tempestad ruge con mayor furia, el timonel experimentado conserva la ecuanimidad al timón.","Même au plus fort de la tourmente, le timonier aguerri conserve une inaltérable sérénité à la barre.",嵐がどれほど激しく吹き荒れようとも、歴戦の舵手は舵の前で泰然自若とした落ち着きを保ちます。,"Arashi ga dorehodo hageshiku fukiare yō tomo, rekisen no dashu wa kaji no mae de taizen jijaku to shita ochitsuki o tamochimasu.","Mesmo quando a tempestade ruge com mais fúria, o timoneiro experiente mantém a equanimidade ao leme.","Даже когда буря бушует с предельной яростью, опытный рулевой сохраняет непоколебимое хладнокровие у штурвала.",Rich idiomatic expressions of serenity: Chinese four-character idioms '处变不惊' and '气定神闲'; Japanese yojijukugo '泰然自若'.
48,fluent,Aesthetics & Perception,To perceive the sublime within the ephemeral is the highest prerogative of the contemplative intellect.,在转瞬即逝的虚妄中洞见崇高，乃是沉思冥想的心灵所享有的至高恩赐。,"Zài zhuǎnshùnjíshì de xūwàng zhōng dòngjiàn chónggāo, nǎi shì chénsī míngxiǎng de xīnlíng suǒ xiǎngyǒu de zhìgāo ēncì.","Das Erhabene im Flüchtigen zu erblicken, ist das vornehmste Vorrecht des kontemplativen Geistes.",Percibir lo sublime en lo efímero constituye la prerrogativa suprema del intelecto contemplativo.,Discerner le sublime dans l'éphémère constitue le plus noble apanage de l'esprit contemplatif.,刹那の移ろいの中に崇高な美を見出すことこそ、瞑想的知性における至高の特権であります。,"Setsuna no utsuroi no naka ni sūkō na bi o miidasu koto koso, meisōteki chisei ni okeru shikō no tokken de arimasu.",Perceber o sublime no efêmero constitui a prerrogativa suprema do intelecto contemplativo.,Узреть возвышенное в мимолётном — высшая прерогатива созерцательного разума.,Philosophical aesthetics: French 'le plus noble apanage'; German 'das vornehmste Vorrecht'; Russian archaic verb 'узреть' (to behold).
49,fluent,Philosophy of Language,"Language is not merely a vehicle for communication, but the very crucible through which thought conceives reality.",语言绝非单纯是传递信息的工具，它更是思想孕育并建构现实世界的熔炉。,"Yǔyán juéfēi dānchún shì chuándì xìnxī de gōngjù, tā gèng shì sīxiǎng yùnyù bìng jiàngòu xiànshí shìjiè de rónglú.","Die Sprache ist nicht bloß ein Kommunikationsmittel, sondern der eigentliche Schmelztiegel, in dem der Gedanke die Wirklichkeit formt.","El lenguaje no es un simple vehículo de comunicación, sino el crisol mismo en el que el pensamiento concibe la realidad.","La langue n'est pas un simple instrument de communication, mais le creuset même au sein duquel la pensée engendre le réel.",言語は単なる伝達手段にとどまらず、思考が現実そのものを紡ぎ出す坩堝（るつぼ）に他なりません。,"Gengo wa tannaru dentatsu shudan ni todomarazu, shikō ga genjitsu sonomono o tsumugidasu rutsubo ni hoka narimasen.","A linguagem não é um mero instrumento de comunicação, mas o próprio cadinho no qual o pensamento concebe a realidade.","Язык — не просто средство коммуникации, но то самое горнило, в котором мысль порождает реальность.","Metaphor of the crucible: 'Schmelztiegel' (DE), 'creuset' (FR), 'crisol' (ES), 'cadinho' (PT), 'горнило' (RU), '坩堝' (JA rutsubo)."
50,fluent,Mastery & Art,"True mastery reveals itself not in the ostentatious display of prowess, but in effortless restraint.",真正的炉火纯青之境，从不在于炫耀技艺的张扬，而在于洗练收放间的举重若轻。,"Zhēnzhèng de lúhuǒchúnqīng zhī jìng, cóng bù zàiyú xuànyào jìyì de zhāngyáng, ér zàiyú xǐliàn shōufàng jiān de jǔzhòngruòqīng.","Wahre Meisterschaft offenbart sich nicht im prahlerischen Zurschaustellen von Können, sondern in müheloser Zurückhaltung.","La verdadera maestría no se revela en el despliegue ostentoso de destreza, sino en la contención serena y sin esfuerzo.","La véritable maîtrise ne se manifeste pas dans l'étalage ostentatoire du talent, mais dans une retenue sans effort.",真の円熟とは、力を見せびらかすことではなく、無駄を削ぎ落とした静かな抑制の中にこそ宿るものです。,"Shin no enjuku to wa, chikara o misebirakasu koto dewa naku, muda o sogiotoshita shizukana yokusei no naka ni koso yadoru mono desu.","A verdadeira maestria não se revela na ostentação do virtuosismo, mas na contenção serena e sem esforço.","Подлинное мастерство проявляется не в показной демонстрации превосходства, а в непринуждённой сдержанности.",Elegance of restraint: Chinese idiom '举重若轻' (handling weighty matters as though they were light); Japanese concept of '円熟' (mellow mastery).
51,fluent,Atmospheric Prose,The subtle interplay of light and shadow transformed the ancient cloister into a sanctuary of silent contemplation.,光影的幽微流转，将这座古老的修道院回廊化为一座引人沉思冥想的静谧圣所。,"Guāngyǐng de yōuwēi liúzhuǎn, jiāng zhè zuò gǔlǎo de xiūdàoyuàn huíláng huà wéi yí zuò yǐn rén chénsī míngxiǎng de jìngmì shèngsuǒ.",Das subtile Wechselspiel von Licht und Schatten verwandelte den uralten Kreuzgang in eine Oase lautloser Einkehr.,El sutil juego de luces y sombras convirtió el antiguo claustro en un santuario de silenciosa contemplación.,Le jeu subtil de l'ombre et de la lumière métamorphosait le cloître séculaire en un sanctuaire de recueillement.,光と影の繊細な綾なすが如き交錯は、古びた回廊を静寂なる瞑想の聖域へと変貌させました。,"Hikari to kage no sensai na ayanasu ga gotoki kōsaku wa, furubita kairō o seijaku naru meisō no seiiki e to henbō sasemashita.",O sutil jogo de luz e sombra transformou o antigo claustro em um santuário de silenciosa contemplação.,Тонкая игра света и тени превратила старинный монастырский клуатр в святилище безмолвного созерцания.,Poetic terms for inner peace: German 'lautlose Einkehr'; French 'recueillement'; Russian 'безмолвное созерцание'; architecture term 'Kreuzgang'/'cloître'.
52,fluent,Epistemology,Striking a balance between steadfast conviction and intellectual humility is the hallmark of enduring wisdom.,在笃定的信念与求索的谦逊之间维系精妙的平衡，正是通向不朽智慧的显著标志。,"Zài dǔdìng de xìnniàn yǔ qiúsuǒ de qiānxùn zhījiān wéixì jīngmiào de pínghéng, zhèng shì tōngxiàng bùxiǔ zhìhuì de xiǎnzhù biāozhì.","Den Spagat zwischen standhafter Überzeugung und intellektueller Demut zu meistern, ist das Kennzeichen dauerhafter Weisheit.",Hallar el equilibrio entre la convicción inquebrantable y la humildad intelectual constituye el sello distintivo de la sabiduría perdurable.,Trouver un juste équilibre entre conviction inébranlable et humilité intellectuelle est la marque d'une sagesse durable.,揺るぎない信念と知的な謙虚さとの間で均衡を保つことこそ、真の叡智が持つ永遠の証左であります。,"Yuruginai shin'nen to chiteki na kenkyo-sa to no aida de kinkō o tamotsu koto koso, shin no eichi ga motsu eien no shōsa de arimasu.",Encontrar o equilíbrio entre a convicção inabalável e a humildade intelectual é a marca registrada da sabedoria duradoura.,Умение балансировать между твёрдой убеждённостью и интеллектуальным смирением — непреложный признак подлинной мудрости.,German colloquial yet literary idiom 'den Spagat meistern' (to balance competing demands); Japanese '証左' (testament/proof).
53,fluent,Philosophy of History,"History does not repeat itself verbatim, but it often rhymes through recurring systemic echoes.",历史虽不会一字不差地重演，却往往在往复回荡的系统律动中押下相似的韵脚。,"Lìshǐ suī bù huì yízì-bùchā de chóngyǎn, què wǎngwǎng zài wǎngfù huídàng de xìtǒng lǜdòng zhōng yā xià xiāngsì de yùnjiǎo.","Geschichte wiederholt sich nicht wortwörtlich, doch sie reimt sich oft in wiederkehrenden systemischen Echos.","La historia no se repite al pie de la letra, pero a menudo rima a través de ecos sistémicos recurrentes.","L'histoire ne se répète jamais mot pour mot, mais elle rime souvent au gré d'échos systémiques récurrents.",歴史は寸分違わず繰り返されることはないものの、構造的な反響を通じてしばしば韻を踏むものです。,"Rekishi wa sunbun tagawazu kurikaesareru koto wa nai mono no, kōzōteki na hankyō o tsūjite shibashiba in o fumu mono desu.","A história não se repete ao pé da letra, mas costuma rimar por meio de ecos sistêmicos recorrentes.","История не повторяется дословно, однако нередко рифмуется в повторяющихся системных отголосках.","Famous aphorism attributed to Mark Twain: 'rhymes' rendered as '押韵' (ZH), 'reimt sich' (DE), 'rima' (ES/PT), 'rime' (FR), '韻を踏む' (JA), 'рифмуется' (RU)."
54,fluent,Mathematics & Beauty,The profound beauty of mathematics lies in its capacity to articulate eternal truths through austere elegance.,数学之深邃魅力，正在于其能够以至简质朴的优雅，清晰勾勒出放之四海而皆准的永恒真理。,"Shùxué zhī shēnsuì mèilì, zhèng zàiyú qí nénggòu yǐ zhìjiǎn zhìpǔ de yōuyǎ, qīngxī gōulè chū fàngzhīsìhǎi-érjiēzhǔn de yǒnghéng zhēnlǐ.","Die tiefe Schönheit der Mathematik liegt in ihrer Fähigkeit, ewige Wahrheiten mit schlichter Eleganz zum Ausdruck zu bringen.",La profunda belleza de las matemáticas reside en su capacidad para articular verdades eternas con austera elegancia.,La profonde beauté des mathématiques réside dans son aptitude à énoncer des vérités éternelles avec une sobre élégance.,数学の深遠な美しさは、無駄を削ぎ落とした優美さをもって永遠の真理を紡ぎ出す力にあります。,"Sūgaku no shin'en na utsukushisa wa, muda o sogiotoshita yūbisa o motte eien no shinri o tsumugidasu chikara ni arimasu.",A profunda beleza da matemática reside em sua capacidade de articular verdades eternas com austera elegância.,Глубокая красота математики кроется в её способности выражать вечные истины со строгой элегантностью.,Expression of essence: German verbal phrase 'zum Ausdruck bringen'; French 'sobre élégance'; Russian 'кроется в' (lies concealed within).
55,fluent,Existential Philosophy,"When confronted with existential ambiguity, one must cultivate resilience rather than cling to illusory certainty.",当面对生存本真的虚妄与未定时，人当在砥砺中铸就坚韧，而非盲目依附于虚幻的确定性。,"Dāng miànduì shēngcún běnzhēn de xūwàng yǔ wèidìng shí, rén dāng zài dǐlì zhōng zhùjiù jiānrèn, ér fēi mángmù yīfù yú xūhuàn de quèdìngxìng.","Im Angesicht existenzieller Ungewissheit gilt es, Widerstandskraft zu kultivieren, statt sich an trügerische Gewissheiten zu klammern.","Ante la ambigüedad existencial, es preciso cultivar la resiliencia en lugar de aferrarse a certezas ilusorias.","Confronté à l'ambiguïté existentielle, il convient de cultiver la résilience plutôt que de s'accrocher à de trompeuses certitudes.",実存的な不条理に直面したとき、幻想の確実性に縋るのではなく、自らの強靭さを培わねばなりません。,"Jitsuzonteki na fujōri ni chokumen shita toki, gensō no kakujitsusei ni sugaru no dewa naku, mizukara no kyōjin-sa o tsuchikawaneba narimasen.","Diante da ambiguidade existencial, cumpre cultivar a resiliência em vez de se apegar a certezas ilusórias.","Сталкиваясь с экзистенциальной неопределённостью, надлежит взращивать стойкость, а не цепляться за иллюзорную уверенность.","Deontic impersonal modalities: German 'gilt es... zu', French 'il convient de', Portuguese 'cumpre', Russian 'надлежит'."
56,fluent,Rhetoric & Time,"Words once uttered into the ether cannot be recalled, yet their reverberations may echo across generations.",一言既出，驷马难追；其在虚空激荡的余音，更可绵延数代而不绝。,"Yī yán jì chū, sì mǎ nán zhuī; qí zài xūkōng jīdàng de yúyīn, gèng kě miányán shù dài ér bù jué.","Einmal in den Äther gesprochene Worte lassen sich nicht zurückholen, doch ihr Nachhall kann über Generationen hinweg fortwirken.","Las palabras pronunciadas en el éter no pueden retirarse, mas sus resonancias pueden reverberar a lo largo de generaciones.","Les paroles une fois libérées dans l'éther ne sauraient être rappelées, mais leur écho peut traverser les générations.",一度大気へと放たれた言の葉を取り戻す術はありませんが、その反響は何世代にもわたって響き渡ることがあります。,"Ichido taiki e to hanatareta kotonoha o torimodosu sube wa arimasen ga, sono hankyō wa nan-sedai ni mo watatte hibikiwataru koto ga arimasu.","Palavras uma vez lançadas ao éter não podem ser recolhidas, contudo sua reverberação pode ecoar por gerações.","Слово, однажды выпущенное в эфир, вернуть невозможно, но его отголоски способны звучать сквозь поколения.",Classical idioms: Chinese ancient saying '一言既出，驷马难追'; Japanese poetic term for words '言の葉' (kotonoha); French literary conditional 'ne sauraient être'.
57,fluent,Debate & Oratory,He articulated the critique with such consummate eloquence that even his staunchest adversaries conceded the point.,他的剖析言辞之精当、论辩之雄浑，令最为顽固的论敌也不得不心悦诚服。,"Tā de pōuxī yáncí zhī jīngdāng, lùnbiàn zhī xiónghún, lìng zuìwéi wángù de lùndí yě bùdébù xīnyuèchéngfú.","Er trug die Kritik mit solch vollendeter Beredsamkeit vor, dass selbst seine erbittertsten Widersacher den Punkt einräumten.",Articuló la crítica con tan consumada elocuencia que incluso sus más acérrimos adversarios concedieron la razón.,Il formula sa critique avec une éloquence si consommée que même ses plus farouches détracteurs durent en convenir.,彼は非の打ち所のない雄弁さで批判を展開したため、最も手強い論敵ですらその主張を認めざるを得ませんでした。,"Kare wa hi no uchi dokoro no nai yūbensa de hihan o tenkai shita tame, mottomo tegowai ronteki de sura sono shuchō o mitomezaru o emasen deshita.",Ele articulou a crítica com tão consumada eloquência que até seus mais ferrenhos adversários deram o braço a torcer.,"Он сформулировал критику с настолько виртуозным красноречием, что даже самые непримиримые противники признали его правоту.",Idiomatic concession: Chinese '心悦诚服' (convinced in heart and mind); Portuguese idiom 'deram o braço a torcer' (yielded the point); Japanese '認めざるを得ない'.
58,fluent,Scientific Discovery,Serendipity favors only those minds that have been painstakingly prepared through relentless curiosity.,偶然的机缘只垂青于那些在漫长求索中被不懈好奇心磨砺以须的深邃心智。,Ǒurán de jīyuán zhǐ chuíqīng yú nàxiē zài màncháng qiúsuǒ zhōng bèi búxiè hàoqíxīn mólì-yǐxū de shēnsuì xīnjì.,"Der glückliche Zufall begünstigt nur jene Geister, die durch unermüdliche Neugier akribisch vorbereitet wurden.",La serendipia solo favorece a aquellas mentes que han sido minuciosamente preparadas mediante una curiosidad incansable.,Le hasard ne favorise que les esprits qui ont été minutieusement préparés par une curiosité sans relâche.,セレンディピティの僥倖は、飽くなき探究心によって丹念に研鑽を積んだ精神にのみ微笑みかけるものです。,"Serendipiti no gyōkō wa, akunaki tankyūshin ni yotte tan'nen ni kensan o tsunda seishin ni nomi hohoemikakeru mono desu.",A serendipidade só favorece as mentes que foram minuciosamente preparadas por uma curiosidade incansável.,"Счастливая случайность благоволит лишь тем умам, которые были кропотливо подготовлены неутолимой любознательностью.","Echoing Pasteur's 'Dans les champs de l'observation, le hasard ne favorise que les esprits préparés'. Highly elevated vocabulary across all 8 languages."
59,fluent,Civilization & Time,Beyond the transient cacophony of daily politics lies the enduring cadence of civilizational evolution.,掩映在浮躁喧嚣的日常政争之下者，乃是文明演进历程中那深沉恒久的律动与节拍。,"Yǎnyìng zài fúzào xuānxiāo de rìcháng zhèngzhēng zhī xià zhě, nǎi shì wénmíng yǎnjìn lìchéng zhōng nà shēnchén héngjiǔ de lǜdòng yǔ jiépāi.",Jenseits der vergänglichen Kakophonie des Tagesgeschehens liegt der beständige Rhythmus zivilisatorischer Evolution.,Más allá de la efímera cacofonía de la política cotidiana subyace la cadencia perdurable de la evolución de las civilizaciones.,Au-delà de la cacophonie éphémère de la politique politicienne s'exprime la cadence immuable de l'évolution des civilisations.,日々の政争という束の間の不協和音の深奥には、文明の進化が刻む不滅の律動が脈打っています。,"Hibi no seisō to iu tsukanoma no fukyōwaon no shin'ō ni wa, bunmei no shinka ga kizamu fumetsu no ritsudō ga myakuutte imasu.","Para além da efêmera cacofonia da política partidária, repousa a cadência duradoura da evolução civilizacional.",За преходящей какофонией сиюминутной политики кроется непреходящий ритм цивилизационной эволюции.,Poetic antithesis of noise vs rhythm: 'Kakophonie' vs 'beständiger Rhythmus' (DE); 'cacophonie' vs 'cadence immuable' (FR); Russian 'преходящей' vs 'непреходящий'.
60,fluent,Introspection & Philosophy,"In the quiet crucible of deep reflection, fragmented experiences coalesce into coherent philosophical conviction.",在深沉静默的思想冶炼炉中，那些曾支离破碎的人生际遇终将凝结为融贯坚贞的哲学信条。,"Zài shēnchén jìngmò de sīxiǎng yěliànlú zhōng, nàxiē céng zhīlí-pòsuì de rénshēng jìyù zhōng jiāng níngjié wéi róngguàn jiānzhēn de zhéxué xìntiáo.",Im stillen Tiegel tiefer Reflexion verschmelzen fragmentierte Erfahrungen zu einer kohärenten philosophischen Überzeugung.,"En el silencioso crisol de la profunda reflexión, las experiencias fragmentadas confluyen en una convicción filosófica coherente.","Dans le creuset silencieux de la méditation profonde, les expériences éparses s'agencent en une conviction philosophique cohérente.",静寂なる思索の坩堝（るつぼ）の中で、断片化された経験は秩序ある確固たる哲学的信念へと結晶化します。,"Seijaku naru shisaku no rutsubo no naka de, danpenka sareta keiken wa chitsujo aru kakko taru tetsugakuteki shin'nen e to kesshōka shimasu.","No silencioso cadinho da profunda reflexão, as experiências fragmentadas coalescem em uma convicção filosófica coerente.",В безмолвном тигле глубоких размышлений разрозненный опыт выкристаллизовывается в целостное философское убеждение.,"Philosophical alchemy metaphors: 'Tiegel' (DE), 'crisol' (ES), 'creuset' (FR), 'cadinho' (PT), 'тигель' / 'выкристаллизовывается' (RU), '結晶化' (JA kesshōka)."
